/*En este Querry se hace el llenado de las tablas Previamente creadas

Insertat datos Gimnasio*/
Insert into TGimnasio(Codigo ,Nombre_Marca , Contacto_General ,Telefono)
Values('9090','XTEVO',22740107,22740107)
Insert into TGimnasio(Codigo ,Nombre_Marca , Contacto_General ,Telefono)
Values('7075','Gym360',22758888,22758888)
Insert into TGimnasio(Codigo ,Nombre_Marca , Contacto_General ,Telefono)
Values('8089','GymFit',22230000,22230000)
Insert into TGimnasio(Codigo ,Nombre_Marca , Contacto_General ,Telefono)
Values('1234','Extrem',22270908,61640107)
Insert into TGimnasio(Codigo ,Nombre_Marca , Contacto_General ,Telefono)
Values('2021','LifeFit',22980101,63409896)
--Verificar Datos--
SELECT * FROM TGimnasio

---Insertat datos Sedes---
Insert into TSedes (Codigo_Gimnasio,Canton ,Provincia ,Nombre,Correo ,Telefono1, Telefono2)
Values('9090','Moravia','San Jose', 'XTEVO_MORAVIA','XTEVO_MORAVIA@GMAIL.COM',87889091,0)
Insert into TSedes (Codigo_Gimnasio,Canton ,Provincia ,Nombre,Correo ,Telefono1 , Telefono2)
Values('9090','San Rafael','Heredia','XTEVO_Heredia','XTEVO_Heredia@gmail.com',89919201,0)
Insert into TSedes (Codigo_Gimnasio,Canton ,Provincia ,Nombre,Correo ,Telefono1 , Telefono2)
Values('7075','Santo Domingo','Heredia','Gym360Fit','Gym360Fit@gmail.com',72742426,0)
Insert into TSedes (Codigo_Gimnasio,Canton ,Provincia ,Nombre,Correo ,Telefono1 , Telefono2)
Values('7075','La Union','Cartago','Gym360_U','Gym360_U@gmail.com',78792122,0)
Insert into TSedes (Codigo_Gimnasio,Canton ,Provincia ,Nombre,Correo ,Telefono1 , Telefono2)
Values('8089','Los Cuadros','Guadalupe','GymFitMortal','GymFitMortal@gmail.com',69674042,0)
Insert into TSedes (Codigo_Gimnasio,Canton ,Provincia ,Nombre,Correo ,Telefono1 , Telefono2)
Values('8089','Atenas','Alejuela','GymFitStorm','GymFitStorm@gmail.com',65640708,0)
Insert into TSedes (Codigo_Gimnasio,Canton ,Provincia ,Nombre,Correo ,Telefono1 , Telefono2)
Values('1234','Liberia','Guanacaste','ExtremOneFit','ExtremOneFit@gmail.com',78909001,0)
Insert into TSedes (Codigo_Gimnasio,Canton ,Provincia ,Nombre,Correo ,Telefono1 , Telefono2)
Values('1234','Nicoya','Guanacaste','ExtremOneFitNicoya','ExtremOneFitNicoya@gmail.com',76770506,0)
Insert into TSedes (Codigo_Gimnasio,Canton ,Provincia ,Nombre,Correo ,Telefono1 , Telefono2)
Values('2021','Guapiles','Limon','LifeFitLimon','LifeFitLimon@gmail.com',65683658,0)
Insert into TSedes (Codigo_Gimnasio,Canton ,Provincia ,Nombre,Correo ,Telefono1 , Telefono2)
Values('2021','Pocorri','Limon','LifePocoFit','LifePocoFit@gmail.com',89878283,0)
--Verificar Datos--
SELECT * FROM TSedes

---Insertat datos Funcionarios---
Insert into TFuncionarios(Nombre,Telefono ,Correo ,Puesto ,Salario ,FechaNacimiento,Cedula )
Values('Juan Rojas', 88745690, 'jrojas@gmail.com', 'Director', 1000000, '1990-02-05','118460089')
Insert into TFuncionarios(Nombre,Telefono ,Correo ,Puesto ,Salario ,FechaNacimiento,Cedula )
Values('Lorna Perez', 87754640, 'lorperez@gmail.com', 'Gerente', 1500000, '1986-03-07','114560089')
Insert into TFuncionarios(Nombre,Telefono ,Correo ,Puesto ,Salario ,FechaNacimiento,Cedula )
Values('Abigail Arias', 89191301, 'abiarias@gmail.com', 'Recepcionista', 650000, '1989-12-13','118609989')
Insert into TFuncionarios(Nombre,Telefono ,Correo ,Puesto ,Salario ,FechaNacimiento,Cedula )
Values('Joao Castro', 83456798, 'jcastro@gmail.com', 'Secretario', 700000, '2002-02-01','238460089')
Insert into TFuncionarios(Nombre,Telefono ,Correo ,Puesto ,Salario ,FechaNacimiento,Cedula )
Values('Valery Arley', 86980712, 'arleyvale@gmail.com', 'Secretaria', 700000, '2001-02-04','74800089')
Insert into TFuncionarios(Nombre,Telefono ,Correo ,Puesto ,Salario ,FechaNacimiento,Cedula )
Values('Santiago Vargas', 85892387, 'santivar@gmail.com', 'Contador', 800000, '1997-09-02','11450089')
Insert into TFuncionarios(Nombre,Telefono ,Correo ,Puesto ,Salario ,FechaNacimiento,Cedula )
Values('Ricardo Perez', 74912467, 'perezr@gmail.com', 'Asistente', 750000, '1993-04-05','115600089')
Insert into TFuncionarios(Nombre,Telefono ,Correo ,Puesto ,Salario ,FechaNacimiento,Cedula )
Values('Kevin Rojas', 65390291, 'kevinrj@gmail.com', 'Conserje', 500000, '1980-02-01',118761188)
Insert into TFuncionarios(Nombre,Telefono ,Correo ,Puesto ,Salario ,FechaNacimiento,Cedula )
Values('Keylin Sanchez', 64879031, 'keylins@gmail.com', 'Conserje', 500000, '1991-04-07','197860089')
Insert into TFuncionarios(Nombre,Telefono ,Correo ,Puesto ,Salario ,FechaNacimiento,Cedula )
Values('Nicole Murcia', 62679804, 'murcianico@gmail.com', 'Conserje', 500000, '1991-01-09','114660089')
Insert into TFuncionarios(Nombre,Telefono ,Correo ,Puesto ,Salario ,FechaNacimiento,Cedula )
Values('Reyner Blandon', 61556407, 'ReynerBlandon@gmail.com', 'Director', 1000000, '1990-02-05','119480055')
Insert into TFuncionarios(Nombre,Telefono ,Correo ,Puesto ,Salario ,FechaNacimiento,Cedula )
Values('Brandon Solano', 63407956, 'BrandonSolano@gmail.com', 'Gerente', 1500000, '1986-03-07','229385500')
Insert into TFuncionarios(Nombre,Telefono ,Correo ,Puesto ,Salario ,FechaNacimiento,Cedula )
Values('Jose Pablo', 64507968, 'JosePablo@gmail.com', 'Recepcionista', 650000, '1989-12-13','736495544')
Insert into TFuncionarios(Nombre,Telefono ,Correo ,Puesto ,Salario ,FechaNacimiento,Cedula )
Values('Daniel Ramirez', 64508765, 'DanielRamirez@gmail.com', 'Secretario', 700000, '2002-02-01','773649911')
Insert into TFuncionarios(Nombre,Telefono ,Correo ,Puesto ,Salario ,FechaNacimiento,Cedula )
Values('Angelo Gonzales', 71265868, 'AngeloGonzales@gmail.com', 'Secretaria', 700000, '2001-02-04','116294400')
Insert into TFuncionarios(Nombre,Telefono ,Correo ,Puesto ,Salario ,FechaNacimiento,Cedula )
Values('Steven Aleman', 71395048, 'StevenAleman@gmail.com', 'Contador', 800000, '1997-09-02','1126497755')
Insert into TFuncionarios(Nombre,Telefono ,Correo ,Puesto ,Salario ,FechaNacimiento,Cedula )
Values('Maria Jose', 71623949, 'MariaJose@gmail.com', 'Asistente', 750000, '1993-04-05','123567744')
Insert into TFuncionarios(Nombre,Telefono ,Correo ,Puesto ,Salario ,FechaNacimiento,Cedula )
Values('Danilo Lopez', 63837263, 'DaniloLopez@gmail.com', 'Conserje', 500000, '1980-02-01','117253399')
Insert into TFuncionarios(Nombre,Telefono ,Correo ,Puesto ,Salario ,FechaNacimiento,Cedula )
Values('Jesus Hernandez', 62394859, 'JesusHernandez@gmail.com', 'Conserje', 500000, '1991-04-07','1172894338')
Insert into TFuncionarios(Nombre,Telefono ,Correo ,Puesto ,Salario ,FechaNacimiento,Cedula )
Values('Ashly Dayana', 83405868, 'AshlyDayana@gmail.com', 'Conserje', 500000, '1991-01-09','1124375699')
--Verificar Datos--
SELECT * FROM TFuncionarios

---Insertat datos Instructores---
Insert into TInstructores(Cedula,Certificaciones,Telefono,Correo,Fecha_Nacimiento,Salario,Nombre)																									
Values(117150923,'Fuerza y Resistencia',78654029,'fuerzaresistencia@gmail.com','1885-09-08',700000,'Hollee Stone')		
Insert into TInstructores(Cedula,Certificaciones,Telefono,Correo,Fecha_Nacimiento,Salario,Nombre)																								
Values(11234509,'PersonalTreiner', 88898989, 'PersonalTreiner@gmail.com','1887-11-12',800000,'Anthony Leon')																										
Insert into TInstructores(Cedula,Certificaciones,Telefono,Correo,Fecha_Nacimiento,Salario,Nombre)																						
Values(702789349,'Entrenamiento de Boxeo',70123443,'entrenamientoboxeo@gmail.com','2000/06/04',500000,'Owen Heath')	
Insert into TInstructores(Cedula,Certificaciones,Telefono,Correo,Fecha_Nacimiento,Salario,Nombre)																										
Values(709012300,'Entrenamiento de Artes Marciales',71123456 ,'artesmaciales@gmail.com',' 1997/09/09',450000,'Jacqueline Palmer')																										
Insert into TInstructores(Cedula,Certificaciones,Telefono,Correo,Fecha_Nacimiento,Salario,Nombre)																							
Values(1098789,'Entrenamiento Funcional',76230989,'entrenamientofuncional@gmail.com',' 1889/09/06',650000,'Wanda Mills')		
Insert into TInstructores(Cedula,Certificaciones,Telefono,Correo,Fecha_Nacimiento,Salario,Nombre)																								
Values(17809365,'Entrenamiento de Atletismo',739645204,'Alestismo@gmail.com' ,'1880/07/02',660000,'Julian Zimmerman')																										
Insert into TInstructores(Cedula,Certificaciones,Telefono,Correo,Fecha_Nacimiento,Salario,Nombre)																								
Values(118750945,'Entrenamiento de Resistencia',87597076,'EntrenamientResistencia@gmail.com','2002/05/07',465000,'Ulysses Bowers')	
Insert into TInstructores(Cedula,Certificaciones,Telefono,Correo,Fecha_Nacimiento,Salario,Nombre)																									
Values(176382040,'Nutrición Deportiva',870538259,'NutriciónDeportiva@gmail.com','1887/09/04',700000,'Slade Downs')	
Insert into TInstructores(Cedula,Certificaciones,Telefono,Correo,Fecha_Nacimiento,Salario,Nombre)																				
Values(139485500,'Especialista Fuerza','83440576','EspecialistaFuerza@gmail.com','2002/07/02','700000','Marcos Isaac')	
Insert into TInstructores(Cedula,Certificaciones,Telefono,Correo,Fecha_Nacimiento,Salario,Nombre)																									
Values(786530940,'Entrenamiento de Pilate',89988914,'entrenamientopilates@gamil.com','1998/07/22',500000,'Brady Rhodes')	
Insert into TInstructores(Certificaciones,Salario,Telefono,Correo,Fecha_Nacimiento,Nombre,Cedula)
Values('Entrenador Personal Certificado (CPT)',500000	,	65597013,'commodo.ipsum.suspendisse@google.org','2002/04/24','Alexander King',120345418)																					
Insert into TInstructores(Certificaciones,Salario,Telefono,Correo,Fecha_Nacimiento,Nombre,Cedula)
Values('Entrenador de Fuerza y Acondicionamiento Certificado (CSCS)',800000	,	63325194,'ut@outlook.ca','2001/03/07','Regina Warren',134616046)																					
Insert into TInstructores(Certificaciones,Salario,Telefono,Correo,Fecha_Nacimiento,Nombre,Cedula)
Values('Instructor de Grupos Certificado (GFI)',700000	,	65014698,'sed.nunc.est@icloud.ca','2002/07/23','Brody Rasmussen',127547633)																					
Insert into TInstructores(Certificaciones,Salario,Telefono,Correo,Fecha_Nacimiento,Nombre,Cedula)
Values('Especialista en Nutrición Deportiva Certificado (CNS)',1000000	,	67316256,'ante.dictum@icloud.com','2000/01/10','Madonna Reilly',144536735)																					
Insert into TInstructores(Certificaciones,Salario,Telefono,Correo,Fecha_Nacimiento,Nombre,Cedula)
Values('Entrenador de CrossFit Certificado (CF-L1)',800000	,	77885344,'blandit.nam@aol.ca','2003/05/18','Octavius Noble',166247167)																					
Insert into TInstructores(Certificaciones,Salario,Telefono,Correo,Fecha_Nacimiento,Nombre,Cedula)
Values('Entrenador de Entrenamiento Funcional Certificado (CFT)',400000	,	79857661,'luctus.ipsum.leo@icloud.org','2000/04/05','Maggie Moreno',224804757)																					
Insert into TInstructores(Certificaciones,Salario,Telefono,Correo,Fecha_Nacimiento,Nombre,Cedula)
Values('Especialista en Entrenamiento de Rehabilitación Certificado (CRES)',400000	,	82186215,'volutpat.nunc.sit@aol.ca','2002/09/02','Hedley Mcclure',124253632)																					
Insert into TInstructores(Certificaciones,Salario,Telefono,Correo,Fecha_Nacimiento,Nombre,Cedula)
Values('Especialista en Ejercicio Correctivo Certificado (CES)',400000	,	86784169,'aenean@outlook.edu','2002/06/17','Olympia Golden',318947836)																					
Insert into TInstructores(Certificaciones,Salario,Telefono,Correo,Fecha_Nacimiento,Nombre,Cedula)
Values('Especialista en Entrenamiento de Alto Rendimiento Certificado (CHES)',800000	,	86332541,'dictum.proin@hotmail.com','2002/06/14','Roanna Mcdonald',466948885)																					
Insert into TInstructores(Certificaciones,Salario,Telefono,Correo,Fecha_Nacimiento,Nombre,Cedula)
Values('Especialista en Entrenamiento de Alto Rendimiento Certificado (CHES)',500000	,	81132167,'placerat.eget@protonmail.edu','2003/03/17','Chadwick Suarez',374791645)
--Verificar Datos--
SELECT * FROM TInstructores

---Insertat datos Personal---
Insert into TPersonal(ID_Sede,ID_Instructor,ID_Funcionarios)
Values(1	,	1098789	,	11450089	)
Insert into TPersonal(ID_Sede,ID_Instructor,ID_Funcionarios)
Values(1	,	11234509	,	74800089	)
Insert into TPersonal(ID_Sede,ID_Instructor,ID_Funcionarios)
Values(2	,	17809365	,	114560089	)
Insert into TPersonal(ID_Sede,ID_Instructor,ID_Funcionarios)
Values(2	,	117150923	,	114660089	)
Insert into TPersonal(ID_Sede,ID_Instructor,ID_Funcionarios)
Values(3	,	118750945	,	115600089	)
Insert into TPersonal(ID_Sede,ID_Instructor,ID_Funcionarios)
Values(3	,	120345418	,	116294400	)
Insert into TPersonal(ID_Sede,ID_Instructor,ID_Funcionarios)
Values(4	,	124253632	,	117253399	)
Insert into TPersonal(ID_Sede,ID_Instructor,ID_Funcionarios)
Values(4	,	127547633	,	118460089	)
Insert into TPersonal(ID_Sede,ID_Instructor,ID_Funcionarios)
Values(5	,	134616046	,	118609989	)
Insert into TPersonal(ID_Sede,ID_Instructor,ID_Funcionarios)
Values(5	,	139485500	,	118761188	)
Insert into TPersonal(ID_Sede,ID_Instructor,ID_Funcionarios)
Values(6	,	144536735	,	119480055	)
Insert into TPersonal(ID_Sede,ID_Instructor,ID_Funcionarios)
Values(6	,	166247167	,	123567744	)
Insert into TPersonal(ID_Sede,ID_Instructor,ID_Funcionarios)
Values(7	,	176382040	,	197860089	)
Insert into TPersonal(ID_Sede,ID_Instructor,ID_Funcionarios)
Values(7	,	224804757	,	229385500	)
Insert into TPersonal(ID_Sede,ID_Instructor,ID_Funcionarios)
Values(8	,	318947836	,	238460089	)
Insert into TPersonal(ID_Sede,ID_Instructor,ID_Funcionarios)
Values(8	,	374791645	,	736495544	)
Insert into TPersonal(ID_Sede,ID_Instructor,ID_Funcionarios)
Values(9	,	466948885	,	773649911	)
Insert into TPersonal(ID_Sede,ID_Instructor,ID_Funcionarios)
Values(9	,	702789349	,	1124375699	)
Insert into TPersonal(ID_Sede,ID_Instructor,ID_Funcionarios)
Values(10	,	709012300	,	1126497755	)
Insert into TPersonal(ID_Sede,ID_Instructor,ID_Funcionarios)
Values(10	,	786530940	,	1172894338	)
--Verificar Datos-- 
SELECT * FROM TPersonal 

---Insertat datos Clientes---
Insert into TClientes(Codigo_Gimnasio ,ID_Sede ,ID_Instructor,Cedula,Nombre,Correo,FechaNacimiento,Sexo ,Telefono ,Estatura ,AltoRiesgo)
Values(9090	,	1	,	1098789	,	167170851,'Chelsea Spence','ipsum@yahoo.org','1999/10/24','F','65676820',1.70,'NO')	
Insert into TClientes(Codigo_Gimnasio ,ID_Sede ,ID_Instructor,Cedula,Nombre,Correo,FechaNacimiento,Sexo ,Telefono ,Estatura ,AltoRiesgo)
Values(9090	,	1	,	11234509	,	285861746,'Nora Ballard','dictum.proin@yahoo.net','2002/10/21','F','62636196',2.10,'SI')	
Insert into TClientes(Codigo_Gimnasio ,ID_Sede ,ID_Instructor,Cedula,Nombre,Correo,FechaNacimiento,Sexo ,Telefono ,Estatura ,AltoRiesgo)
Values(9090	,	2	,	17809365	,	279370867,'Tate Roman','vel.arcu@google.net','1998/06/29','M','66606663',1.88,'SI')	
Insert into TClientes(Codigo_Gimnasio ,ID_Sede ,ID_Instructor,Cedula,Nombre,Correo,FechaNacimiento,Sexo ,Telefono ,Estatura ,AltoRiesgo)
Values(9090	,	2	,	117150923	,	173745325,'Mason Shelton','id@hotmail.couk','1998/09/30','M','63616061',1.70,'SI')	
Insert into TClientes(Codigo_Gimnasio ,ID_Sede ,ID_Instructor,Cedula,Nombre,Correo,FechaNacimiento,Sexo ,Telefono ,Estatura ,AltoRiesgo)
Values(7075	,	3	,	118750945	,	177388752,'Octavius Conway','nec.cursus@hotmail.com','2004/10/02','M','61666854',2.00,'NO')	
Insert into TClientes(Codigo_Gimnasio ,ID_Sede ,ID_Instructor,Cedula,Nombre,Correo,FechaNacimiento,Sexo ,Telefono ,Estatura ,AltoRiesgo)
Values(7075	,	3	,	120345418	,	155170851,'Mario Spence','ipMario@yahoo.org','1999/10/24','M','66626246',1.50,'NO')	
Insert into TClientes(Codigo_Gimnasio ,ID_Sede ,ID_Instructor,Cedula,Nombre,Correo,FechaNacimiento,Sexo ,Telefono ,Estatura ,AltoRiesgo)
Values(7075	,	4	,	124253632	,	287761746,'Armando Carlos','dicArmando.proin@yahoo.net','2002/10/21','M','76616227',1.13,'SI')	
Insert into TClientes(Codigo_Gimnasio ,ID_Sede ,ID_Instructor,Cedula,Nombre,Correo,FechaNacimiento,Sexo ,Telefono ,Estatura ,AltoRiesgo)
Values(7075	,	4	,	127547633	,	255370867,'Marco Tapia','velMarco@google.net','1998/06/29','M','73656296',2.10,'SI')	
Insert into TClientes(Codigo_Gimnasio ,ID_Sede ,ID_Instructor,Cedula,Nombre,Correo,FechaNacimiento,Sexo ,Telefono ,Estatura ,AltoRiesgo)
Values(8089	,	5	,	134616046	,	173445325,'Jason Shelton','Jason@hotmail.couk','1998/09/30','M','70676373',1.75,'NO')	
Insert into TClientes(Codigo_Gimnasio ,ID_Sede ,ID_Instructor,Cedula,Nombre,Correo,FechaNacimiento,Sexo ,Telefono ,Estatura ,AltoRiesgo)
Values(8089	,	5	,	139485500	,	177366752,'Maria Fernandez','Fernandez@hotmail.com','2004/10/02','F','71676360',1.60,'NO')	
Insert into TClientes(Codigo_Gimnasio ,ID_Sede ,ID_Instructor,Cedula,Nombre,Correo,FechaNacimiento,Sexo ,Telefono ,Estatura ,AltoRiesgo)
Values(8089	,	6	,	144536735	,	255174451,'Judah Baldwin','a@protonmail.edu','2009/07/14','F','75666787',2.00,'SI')	
Insert into TClientes(Codigo_Gimnasio ,ID_Sede ,ID_Instructor,Cedula,Nombre,Correo,FechaNacimiento,Sexo ,Telefono ,Estatura ,AltoRiesgo)
Values(8089	,	6	,	166247167	,	187743174,'Ella Delacruz','dictum.phasellus.in@aol.com','2005/08/05','F','71676637',1.60,'NO')	
Insert into TClientes(Codigo_Gimnasio ,ID_Sede ,ID_Instructor,Cedula,Nombre,Correo,FechaNacimiento,Sexo ,Telefono ,Estatura ,AltoRiesgo)
Values(1234	,	7	,	176382040	,	255370857,'Shelley Rose','vulputate.mauris@icloud.org','2004/01/29','F','72696608',1.10,'SI')	
Insert into TClientes(Codigo_Gimnasio ,ID_Sede ,ID_Instructor,Cedula,Nombre,Correo,FechaNacimiento,Sexo ,Telefono ,Estatura ,AltoRiesgo)
Values(1234	,	7	,	224804757	,	773445365,'Astra Patterson','ultrices.sit.amet@icloud.couk','2003/07/29','F','89646825',1.63,'NO')	
Insert into TClientes(Codigo_Gimnasio ,ID_Sede ,ID_Instructor,Cedula,Nombre,Correo,FechaNacimiento,Sexo ,Telefono ,Estatura ,AltoRiesgo)
Values(1234	,	8	,	318947836	,	777386752,'Veronica Haley','diam.at@aol.org','2000/04/23','F','85636733',1.70,'SI')	
Insert into TClientes(Codigo_Gimnasio ,ID_Sede ,ID_Instructor,Cedula,Nombre,Correo,FechaNacimiento,Sexo ,Telefono ,Estatura ,AltoRiesgo)
Values(1234	,	8	,	374791645	,	455174451,'Rajah Ramirez','dui@aol.ca','2009/11/19','M','82646857',1.60,'NO')	
Insert into TClientes(Codigo_Gimnasio ,ID_Sede ,ID_Instructor,Cedula,Nombre,Correo,FechaNacimiento,Sexo ,Telefono ,Estatura ,AltoRiesgo)
Values(2021	,	9	,	466948885	,	587743174,'Callum Fields','duis.ac@google.ca','2002/01/06','M','85676755',1.55,'SI')	
Insert into TClientes(Codigo_Gimnasio ,ID_Sede ,ID_Instructor,Cedula,Nombre,Correo,FechaNacimiento,Sexo ,Telefono ,Estatura ,AltoRiesgo)
Values(2021	,	9	,	702789349	,	355370857,'Ariel Church','turpis.egestas@icloud.ca','1999/09/27','M','81636772',1.45,'NO')	
Insert into TClientes(Codigo_Gimnasio ,ID_Sede ,ID_Instructor,Cedula,Nombre,Correo,FechaNacimiento,Sexo ,Telefono ,Estatura ,AltoRiesgo)
Values(2021	,	10	,	709012300	,	673475365,'Ferris Buchanan','urna.et@hotmail.couk','2004/10/19','M','73616402',1.65,'NO')	
Insert into TClientes(Codigo_Gimnasio ,ID_Sede ,ID_Instructor,Cedula,Nombre,Correo,FechaNacimiento,Sexo ,Telefono ,Estatura ,AltoRiesgo)
Values(2021	,	10	,	786530940	,	677386852,'Adele Dean','lacus.etiam@google.org','2001/06/08','F','75656241',1.54,'NO')	
--Verificar Datos-- 
SELECT * FROM TClientes

/*Existen miles de padecimientos mas sin embargo en este querry se colocan los mas comunes

Insertar datos Padecimientos*/
Insert TPadecimientos(TipoNombre)
Values('Enfermedades cardiovasculares= afectan al corazón')
Insert TPadecimientos(TipoNombre)
Values('Enfermedad renal crónica = función de los riñones')
Insert TPadecimientos(TipoNombre)
Values('Enfermedades respiratorias = asma')
Insert TPadecimientos(TipoNombre)
Values('Enfermedades autoinmunitarias= sistema inmunológico ataca por error')
Insert TPadecimientos(TipoNombre)
Values('Enfermedades infecciosas= causadas bacterias y virus')
Insert TPadecimientos(TipoNombre)
Values('Enfermedades neurológica = Alzheimer')
Insert TPadecimientos(TipoNombre)
Values('Enfermedad Metabolica Cronica = Diabetes')
Insert TPadecimientos(TipoNombre)
Values('Enfermedades mentales=  trastornos bipolares')
Insert TPadecimientos(TipoNombre)
Values('Esclerosis múltiple = sistema nervioso central')
Insert TPadecimientos(TipoNombre)
Values('Enfermedad de Crohn = tracto gastrointestinal')
Insert TPadecimientos(TipoNombre)
Values('Enfermedad de Parkinson = neurodegenerativa')
Insert TPadecimientos(TipoNombre)
Values('Enfermedad de Graves= afecta a la tiroides')
Insert TPadecimientos(TipoNombre)
Values('Enfermedad  Fibrosis quísticab =  glándulas exocrinas')
Insert TPadecimientos(TipoNombre)
Values('Enfermedad renal poliquística = quistes en los riñones')
Insert TPadecimientos(TipoNombre)
Values('Enfermedad de Huntington= sistema nervioso')
Insert TPadecimientos(TipoNombre)
Values('Diabetes tipo 2: enfermedad crónica (no transmisible) - trastorno metabólico.')
Insert TPadecimientos(TipoNombre)
Values('Cáncer de pulmón: enfermedad crónica (no transmisible) - trastorno neoplásico.')
Insert TPadecimientos(TipoNombre)
Values('Artritis reumatoide: enfermedad crónica (no transmisible) - trastorno autoinmunitario.')
Insert TPadecimientos(TipoNombre)
Values('SIDA (VIH): enfermedad infecciosa (transmisible) - trastorno viral.')
Insert TPadecimientos(TipoNombre)
Values('Hepatitis B: enfermedad infecciosa (transmisible) - trastorno viral.')
Insert TPadecimientos(TipoNombre)
Values('Tuberculosis: enfermedad infecciosa (transmisible) - trastorno bacteriano.')
Insert TPadecimientos(TipoNombre)
Values('Enfermedad de Parkinson: enfermedad crónica (no transmisible) - trastorno neurológico.')
Insert TPadecimientos(TipoNombre)
Values('Asma: enfermedad crónica (no transmisible) - trastorno respiratorio.')
Insert TPadecimientos(TipoNombre)
Values('Hipertensión arterial: enfermedad crónica (no transmisible) - trastorno cardiovascular.')
Insert TPadecimientos(TipoNombre)
Values('Depresión: enfermedad crónica (no transmisible) - trastorno psicológico.')
Insert TPadecimientos(TipoNombre)
Values('SIN ENFERMEDADES')
--Verificar Datos-- 
SELECT * FROM TPadecimientos

/*Existen miles de ejercicios para diferentes musculos varia la posicion y la forma en que se haga dicho ejercicio, asi como varia para que sera utilizada para fuereza, resistencia, salud, etc...
Se coloco mas de hipertrofia y fuerza que son lo que mas recomiendan los gimnasios
---Insertar datos Ejercico---*/
Insert into TEjercico(Nombre,Zona_Muscular,Tipo)
Values('Sentadillas','Piernas','Hipertrofia')
Insert into TEjercico(Nombre,Zona_Muscular,Tipo)
Values('Press de banca','Pecho','Hipertrofia')
Insert into TEjercico(Nombre,Zona_Muscular,Tipo)
Values('Dominadas','Espalda','Hipertrofia')
Insert into TEjercico(Nombre,Zona_Muscular,Tipo)
Values('Press militar','Hombros','Hipertrofia')
Insert into TEjercico(Nombre,Zona_Muscular,Tipo)
Values('Peso muerto','Espalda y piernas','Hipertrofia')
Insert into TEjercico(Nombre,Zona_Muscular,Tipo)
Values('Curl de bíceps','Bíceps','Hipertrofia')
Insert into TEjercico(Nombre,Zona_Muscular,Tipo)
Values('Extensiones de tríceps','Tríceps','Hipertrofia')
Insert into TEjercico(Nombre,Zona_Muscular,Tipo)
Values('Elevaciones laterales','Hombros','Hipertrofia')
Insert into TEjercico(Nombre,Zona_Muscular,Tipo)
Values('Remo con barra','Espalda','Hipertrofia')
Insert into TEjercico(Nombre,Zona_Muscular,Tipo)
Values('Abdominales','Abdominales','Hipertrofia')
Insert into TEjercico(Nombre,Zona_Muscular,Tipo)
Values('Flexiones de tríceps','Tríceps','Hipertrofia')
Insert into TEjercico(Nombre,Zona_Muscular,Tipo)
Values('Press de hombros con mancuernas','Hombros','Hipertrofia')
Insert into TEjercico(Nombre,Zona_Muscular,Tipo)
Values('Prensa de piernas','Piernas','Hipertrofia')
Insert into TEjercico(Nombre,Zona_Muscular,Tipo)
Values('Fondos','Pecho','Hipertrofia')
Insert into TEjercico(Nombre,Zona_Muscular,Tipo)
Values('Curl de martillo','Antebrazos y bíceps','Hipertrofia')
Insert into TEjercico(Nombre,Zona_Muscular,Tipo)
Values('Extensiones de tríceps con mancuernas','Tríceps','Hipertrofia')
Insert into TEjercico(Nombre,Zona_Muscular,Tipo)
Values('Elevaciones frontales','Hombros','Hipertrofia')
Insert into TEjercico(Nombre,Zona_Muscular,Tipo)
Values('Remo en polea baja','Espalda','Hipertrofia')
Insert into TEjercico(Nombre,Zona_Muscular,Tipo)
Values('Abdominales con peso','Abdominales','Hipertrofia')
Insert into TEjercico(Nombre,Zona_Muscular,Tipo)
Values('Curl de bíceps con mancuernas','Bíceps','Hipertrofia')
Insert into TEjercico(Nombre,Zona_Muscular,Tipo)
Values('Patadas de burro','Glúteos','Hipertrofia')
Insert into TEjercico(Nombre,Zona_Muscular,Tipo)
Values('Zancadas','Piernas','Hipertrofia')
Insert into TEjercico(Nombre,Zona_Muscular,Tipo)
Values('Pull-ups','Espalda','Hipertrofia')
Insert into TEjercico(Nombre,Zona_Muscular,Tipo)
Values('Elevaciones laterales en polea baja','Hombros','Hipertrofia')
Insert into TEjercico(Nombre,Zona_Muscular,Tipo)
Values('Peso muerto rumano','Espalda y piernas','Hipertrofia')
Insert into TEjercico(Nombre,Zona_Muscular,Tipo)
Values('Abdominales en V','Abdominales','Hipertrofia')
Insert into TEjercico(Nombre,Zona_Muscular,Tipo)
Values('Fondos en paralelas','Tríceps y pecho','Hipertrofia')
Insert into TEjercico(Nombre,Zona_Muscular,Tipo)
Values('Curl concentrado','Bíceps','Hipertrofia')
Insert into TEjercico(Nombre,Zona_Muscular,Tipo)
Values('Prensa de piernas inclinada','Piernas','Hipertrofia')
Insert into TEjercico(Nombre,Zona_Muscular,Tipo)
Values('Remo con mancuernas','Espalda','Hipertrofia')
Insert into TEjercico(Nombre,Zona_Muscular,Tipo)
Values('Aperturas con mancuernas','Pecho','Hipertrofia')
Insert into TEjercico(Nombre,Zona_Muscular,Tipo)
Values('Vuelos de hombros','Hombros','Hipertrofia')
Insert into TEjercico(Nombre,Zona_Muscular,Tipo)
Values('Extensiones de tríceps en polea alta','Tríceps','Hipertrofia')
Insert into TEjercico(Nombre,Zona_Muscular,Tipo)
Values('Paseo del granjero','Espalda y piernas','Fuerza')
Insert into TEjercico(Nombre,Zona_Muscular,Tipo)
Values('Sentadilla frontal','Piernas','Hipertrofia')
Insert into TEjercico(Nombre,Zona_Muscular,Tipo)
Values('Sentadillas','Piernas','Fuerza')
Insert into TEjercico(Nombre,Zona_Muscular,Tipo)
Values('Peso muerto','Espalda y piernas','Fuerza')
Insert into TEjercico(Nombre,Zona_Muscular,Tipo)
Values('Press de banca','Pecho','Fuerza')
Insert into TEjercico(Nombre,Zona_Muscular,Tipo)
Values('Dominadas','Espalda','Fuerza')
Insert into TEjercico(Nombre,Zona_Muscular,Tipo)
Values('Press militar','Hombros','Fuerza')
Insert into TEjercico(Nombre,Zona_Muscular,Tipo)
Values('Curl de bíceps con barra','Bíceps','Fuerza')
Insert into TEjercico(Nombre,Zona_Muscular,Tipo)
Values('Extensiones de tríceps','Tríceps','Fuerza')
Insert into TEjercico(Nombre,Zona_Muscular,Tipo)
Values('Remo con barra','Espalda','Fuerza')
Insert into TEjercico(Nombre,Zona_Muscular,Tipo)
Values('Abdominales con peso','Abdominales','Fuerza')
Insert into TEjercico(Nombre,Zona_Muscular,Tipo)
Values('Elevaciones laterales con mancuernas','Hombros','Fuerza')
--Verificar Datos-- 
SELECT * FROM TEjercico

/* Aqui se debe recordar que para obtnener un calculo exacto varian varias cosas, como contextura, enfermedades, entre otros se agrego un calculo de grasa viceral ideal segun edades habituales en quienes asisten a gym
---Insertar datos Rango_GrasaVicera---*/
Insert into TRango_GrasaVicera(Sexo,Edad,Altura,PorcentajeIdeal,TipoMalo)
Values('M', 25,1.70,'Rango de grasa visceral ideal: 1%-%7','Rango de grasa visceral malo: +%13')
Insert into TRango_GrasaVicera(Sexo,Edad,Altura,PorcentajeIdeal,TipoMalo)
Values('F', 30,1.65,'Rango de grasa visceral ideal: 1%-%6','Rango de grasa visceral malo: +%12')
Insert into TRango_GrasaVicera(Sexo,Edad,Altura,PorcentajeIdeal,TipoMalo)
Values('M', 35,1.80,'Rango de grasa visceral ideal: 1%-%11','Rango de grasa visceral malo: +%14')
Insert into TRango_GrasaVicera(Sexo,Edad,Altura,PorcentajeIdeal,TipoMalo)
Values('F', 40,1.60,'Rango de grasa visceral ideal: 1%-%9','Rango de grasa visceral malo: +%13')
Insert into TRango_GrasaVicera(Sexo,Edad,Altura,PorcentajeIdeal,TipoMalo)
Values('M', 45,1.75,'Rango de grasa visceral ideal: 1%-%12','Rango de grasa visceral malo: +%15')
Insert into TRango_GrasaVicera(Sexo,Edad,Altura,PorcentajeIdeal,TipoMalo)
Values('F', 50,1.70,'Rango de grasa visceral ideal: 1%-%8','Rango de grasa visceral malo: +%14')
Insert into TRango_GrasaVicera(Sexo,Edad,Altura,PorcentajeIdeal,TipoMalo)
Values('M', 55,1.85,'Rango de grasa visceral ideal: 1%-%13','Rango de grasa visceral malo: +%16')
Insert into TRango_GrasaVicera(Sexo,Edad,Altura,PorcentajeIdeal,TipoMalo)
Values('F', 60,1.55,'Rango de grasa visceral ideal: 1%-%6','Rango de grasa visceral malo: +%13')
Insert into TRango_GrasaVicera(Sexo,Edad,Altura,PorcentajeIdeal,TipoMalo)
Values('M', 30,1.90,'Rango de grasa visceral ideal: 1%-%8','Rango de grasa visceral malo: +%14')
Insert into TRango_GrasaVicera(Sexo,Edad,Altura,PorcentajeIdeal,TipoMalo)
Values('F', 35,1.70,'Rango de grasa visceral ideal: 1%-%7','Rango de grasa visceral malo: +%12')
Insert into TRango_GrasaVicera(Sexo,Edad,Altura,PorcentajeIdeal,TipoMalo)
Values('M', 40,1.75,'Rango de grasa visceral ideal: 1%-%9','Rango de grasa visceral malo: +%14')
Insert into TRango_GrasaVicera(Sexo,Edad,Altura,PorcentajeIdeal,TipoMalo)
Values('F', 45,1.60,'Rango de grasa visceral ideal: 1%-%8','Rango de grasa visceral malo: +%13')
Insert into TRango_GrasaVicera(Sexo,Edad,Altura,PorcentajeIdeal,TipoMalo)
Values('M', 50,1.80,'Rango de grasa visceral ideal: 1%-%11','Rango de grasa visceral malo: +%15')
Insert into TRango_GrasaVicera(Sexo,Edad,Altura,PorcentajeIdeal,TipoMalo)
Values('F', 55,1.65,'Rango de grasa visceral ideal: 1%-%7','Rango de grasa visceral	malo : +%11')
Insert into TRango_GrasaVicera(Sexo,Edad,Altura,PorcentajeIdeal,TipoMalo)
Values('M', 60,1.70,'Rango de grasa visceral ideal: 1%-%12','Rango de grasa visceral malo : +%20')
Insert into TRango_GrasaVicera(Sexo,Edad,Altura,PorcentajeIdeal,TipoMalo)
Values('F', 25,1.55,'Rango de grasa visceral ideal: 1%-%5','Rango de grasa visceral malo : +%8')
Insert into TRango_GrasaVicera(Sexo,Edad,Altura,PorcentajeIdeal,TipoMalo)
Values('M', 30,1.75,'Rango de grasa visceral ideal: 1%-%9','Rango de grasa visceral malo : +%15')
Insert into TRango_GrasaVicera(Sexo,Edad,Altura,PorcentajeIdeal,TipoMalo)
Values('F', 35,1.60,'Rango de grasa visceral ideal: 1%-%7','Rango de grasa visceral malo : +%12')
--Verificar Datos-- 
SELECT * FROM TRango_GrasaVicera

/* Aqui se debe recordar que para obtnener un calculo exacto varian varias cosas, pero se uso la formula peso/(altura*2) lo cual se agrego un calculo de rango imc ideal segun edades habituales en quienes asisten a gym
---Insertar datos Rango_Imc---*/
Insert into TRango_Imc (Porcentaje,Tipo )
Values('< 16.0','Desnutrición severa')
Insert into TRango_Imc (Porcentaje,Tipo )
Values('16.0 - 16.9','Desnutrición moderada')
Insert into TRango_Imc (Porcentaje,Tipo )
Values('17.0 - 18.4','Desnutrición leve')
Insert into TRango_Imc (Porcentaje,Tipo )
Values('18.5 - 24.9','Peso normal')
Insert into TRango_Imc (Porcentaje,Tipo )
Values('25 - 29.9','Sobrepeso')
Insert into TRango_Imc (Porcentaje,Tipo )
Values('30 - 34.9','Obesidad grado I')
Insert into TRango_Imc (Porcentaje,Tipo )
Values('35 - 39.9','Obesidad grado II')
Insert into TRango_Imc (Porcentaje,Tipo )
Values('> 40','Obesidad grado III')
Insert into TRango_Imc (Porcentaje,Tipo )
Values('> 50','Obesidad grado IV')
Insert into TRango_Imc (Porcentaje,Tipo )
Values('> 60','Obesidad grado V')
Insert into TRango_Imc (Porcentaje,Tipo )
Values('> 70','Obesidad grado VI')
Insert into TRango_Imc (Porcentaje,Tipo )
Values('< 15.0','Desnutrición muy severa')
Insert into TRango_Imc (Porcentaje,Tipo )
Values('15.0 - 15.9','Desnutrición severa')
Insert into TRango_Imc (Porcentaje,Tipo )
Values('19.0 - 20.9','Peso normal bajo')
Insert into TRango_Imc (Porcentaje,Tipo )
Values('25.0 - 29.9','Sobrepeso grado I')
Insert into TRango_Imc (Porcentaje,Tipo )
Values('30.0 - 34.9','Obesidad grado II')
Insert into TRango_Imc (Porcentaje,Tipo )
Values('35.0 - 39.9','Obesidad grado III')
Insert into TRango_Imc (Porcentaje,Tipo )
Values('40.0 - 44.9','Obesidad grado IV')
Insert into TRango_Imc (Porcentaje,Tipo )
Values('45.0 - 49.9','Obesidad grado V')
Insert into TRango_Imc (Porcentaje,Tipo )
Values('> 50.0','Obesidad grado VI')
Insert into TRango_Imc (Porcentaje,Tipo )
Values('18.5 - 22.9','Peso normal en poblaciones asiáticas')
Insert into TRango_Imc (Porcentaje,Tipo )
Values('23.0 - 24.9','Sobrepeso en poblaciones asiáticas')
Insert into TRango_Imc (Porcentaje,Tipo )
Values('27.5 - 29.9','Obesidad grado I en poblaciones asiáticas')
Insert into TRango_Imc (Porcentaje,Tipo )
Values('30.0 - 34.9','Obesidad grado II en poblaciones asiáticas')
Insert into TRango_Imc (Porcentaje,Tipo )
Values('35.0 - 39.9','Obesidad grado III en poblaciones asiáticas')
Insert into TRango_Imc (Porcentaje,Tipo )
Values('40.0 - 44.9','Obesidad grado IV en poblaciones asiáticas')
Insert into TRango_Imc (Porcentaje,Tipo )
Values('> 45.0','Obesidad grado V en poblaciones asiáticas')
Insert into TRango_Imc (Porcentaje,Tipo )
Values('< 17.0','Delgadez moderada en poblaciones africanas')
Insert into TRango_Imc (Porcentaje,Tipo )
Values('17.0 - 18.4','Delgadez leve en poblaciones africanas')
Insert into TRango_Imc (Porcentaje,Tipo )
Values('> 18.5','Normal en poblaciones africanas')
Insert into TRango_Imc (Porcentaje,Tipo )
Values('25.0 - 29.9','Sobrepeso en poblaciones africanas')
Insert into TRango_Imc (Porcentaje,Tipo )
Values('30.0 - 34.9','Obesidad grado I en poblaciones africanas')
Insert into TRango_Imc (Porcentaje,Tipo )
Values('35.0 - 39.9','Obesidad grado II en poblaciones africanas')
Insert into TRango_Imc (Porcentaje,Tipo )
Values('> 40.0','Obesidad grado III en poblaciones africanas')
Insert into TRango_Imc (Porcentaje,Tipo )
Values('< 19.0','Delgadez en poblaciones indias')
Insert into TRango_Imc (Porcentaje,Tipo )
Values('19.0 - 22.9','Normal en poblaciones indias')
--Verificar Datos-- 
SELECT * FROM TRango_Imc

/* Esta tabla es para peso ideal mas no sera el peso exacto
---Insertar datos Rango_Peso---*/
Insert into TRango_Peso(Sexo,Edad,Estatura,Porcentaje)
Values('F',20,1.60,'Rango de peso saludable entre 48 y 63 kg.')
Insert into TRango_Peso(Sexo,Edad,Estatura,Porcentaje)
Values('M',35,1.75,'Rango de peso saludable entre 60 y 82 kg.')
Insert into TRango_Peso(Sexo,Edad,Estatura,Porcentaje)
Values('F',50,1.55,'Rango de peso saludable entre 46 y 63 kg.')
Insert into TRango_Peso(Sexo,Edad,Estatura,Porcentaje)
Values('M',25,1.80,'Rango de peso saludable entre 64 y 88 kg.')
Insert into TRango_Peso(Sexo,Edad,Estatura,Porcentaje)
Values('F',30,1.65,'Rango de peso saludable entre 51 y 68 kg.')
Insert into TRango_Peso(Sexo,Edad,Estatura,Porcentaje)
Values('M',45,1.70,'Rango de peso saludable entre 61 y 82 kg.')
Insert into TRango_Peso(Sexo,Edad,Estatura,Porcentaje)
Values('F',25,1.70,'Rango de peso saludable entre 54 y 72 kg.')
Insert into TRango_Peso(Sexo,Edad,Estatura,Porcentaje)
Values('M',60,1.75,'Rango de peso saludable entre 64 y 86 kg.')
Insert into TRango_Peso(Sexo,Edad,Estatura,Porcentaje)
Values('F',40,1.60,'Rango de peso saludable entre 50 y 67 kg.')
Insert into TRango_Peso(Sexo,Edad,Estatura,Porcentaje)
Values('M',30,1.85,'Rango de peso saludable entre 68 y 94 kg.')
Insert into TRango_Peso(Sexo,Edad,Estatura,Porcentaje)
Values('F',55,1.65,'Rango de peso saludable entre 52 y 70 kg.')
Insert into TRango_Peso(Sexo,Edad,Estatura,Porcentaje)
Values('M',20,1.90,'Rango de peso saludable entre 73 y 102 kg.')
Insert into TRango_Peso(Sexo,Edad,Estatura,Porcentaje)
Values('F',35,1.70,'Rango de peso saludable entre 55 y 74 kg.')
Insert into TRango_Peso(Sexo,Edad,Estatura,Porcentaje)
Values('M',50,1.80,'Rango de peso saludable entre 67 y 91 kg.')
Insert into TRango_Peso(Sexo,Edad,Estatura,Porcentaje)
Values('F',45,1.60,'Rango de peso saludable entre 49 y 66 kg.')
Insert into TRango_Peso(Sexo,Edad,Estatura,Porcentaje)
Values('M',25,1.70,'Rango de peso saludable entre 55 y 75 kg.')
Insert into TRango_Peso(Sexo,Edad,Estatura,Porcentaje)
Values('F',30,1.80,'Rango de peso saludable entre 59 y 80 kg.')
Insert into TRango_Peso(Sexo,Edad,Estatura,Porcentaje)
Values('M',40,1.75,'Rango de peso saludable entre 65 y 88 kg.')
Insert into TRango_Peso(Sexo,Edad,Estatura,Porcentaje)
Values('F',50,1.65,'Rango de peso saludable entre 50 y 68 kg.')
Insert into TRango_Peso(Sexo,Edad,Estatura,Porcentaje)
Values('M',35,1.80,'Rango de peso saludable entre 63 y 86 kg.')
Insert into TRango_Peso(Sexo,Edad,Estatura,Porcentaje)
Values('F',20,1.55,'Rango de peso saludable entre 43 y 59 kg.')
Insert into TRango_Peso(Sexo,Edad,Estatura,Porcentaje)
Values('M',45,1.85,'Rango de peso saludable entre 71 y 96 kg.')
Insert into TRango_Peso(Sexo,Edad,Estatura,Porcentaje)
Values('F',25,1.75,'Rango de peso saludable entre 56 y 76 kg.')
Insert into TRango_Peso(Sexo,Edad,Estatura,Porcentaje)
Values('M',35,1.50,'Rango de peso saludable entre 52 y 71 kg.')
Insert into TRango_Peso(Sexo,Edad,Estatura,Porcentaje)
Values('M',45,1.75,'Rango de peso saludable entre 18 y 24 kg.')
--Verificar Datos-- 
SELECT * FROM TRango_Peso

/* Para rango grasa varian demasiadas cosas por cada persona, esto es grasa ideal, no grasa exacto, varian genetica, dieta, contextura, recordar solo grasa ideal
---Insertar datos Rango_Grasa---*/
Insert into TRango_Grasa (Sexo,Edad,Estatura,Porcentaje)
Values('F','20 a 29',1.70,'20-24% de grasa corporal.')
Insert into TRango_Grasa (Sexo,Edad,Estatura,Porcentaje)
Values('F','30 a 39',1.65,'22-26% de grasa corporal.')
Insert into TRango_Grasa (Sexo,Edad,Estatura,Porcentaje)
Values('F','40 a 49',1.60,'24-28% de grasa corporal.')
Insert into TRango_Grasa (Sexo,Edad,Estatura,Porcentaje)
Values('F','Mayores de 50',1.55,'27-31% de grasa corporal.')
Insert into TRango_Grasa (Sexo,Edad,Estatura,Porcentaje)
Values('M','20 a 29',1.80,'11-17% de grasa corporal.')
Insert into TRango_Grasa (Sexo,Edad,Estatura,Porcentaje)
Values('M','30 a 39',1.75,'13-19% de grasa corporal.')
Insert into TRango_Grasa (Sexo,Edad,Estatura,Porcentaje)
Values('M','40 a 49',1.70,'15-21% de grasa corporal.')
Insert into TRango_Grasa (Sexo,Edad,Estatura,Porcentaje)
Values('M','Mayores de 50',1.65,'18-24% de grasa corporal.')
Insert into TRango_Grasa (Sexo,Edad,Estatura,Porcentaje)
Values('F','20 a 29',1.55,'18-22% de grasa corporal.')
Insert into TRango_Grasa (Sexo,Edad,Estatura,Porcentaje)
Values('F','30 a 39',1.60,'21-25% de grasa corporal.')
Insert into TRango_Grasa (Sexo,Edad,Estatura,Porcentaje)
Values('F','40 a 49',1.65,'23-27% de grasa corporal.')
Insert into TRango_Grasa (Sexo,Edad,Estatura,Porcentaje)
Values('F','Mayores de 50',1.70,'26-30% de grasa corporal.')
Insert into TRango_Grasa (Sexo,Edad,Estatura,Porcentaje)
Values('M','20 a 29',1.75,'10-16% de grasa corporal.')
Insert into TRango_Grasa (Sexo,Edad,Estatura,Porcentaje)
Values('M','30 a 39',1.80,'12-18% de grasa corporal.')
Insert into TRango_Grasa (Sexo,Edad,Estatura,Porcentaje)
Values('M','40 a 49',1.85,'14-20% de grasa corporal.')
Insert into TRango_Grasa (Sexo,Edad,Estatura,Porcentaje)
Values('M','Mayores de 50',1.70,'17-23% de grasa corporal.')
Insert into TRango_Grasa (Sexo,Edad,Estatura,Porcentaje)
Values('F','20 a 29',1.80,'20-24% de grasa corporal.')
Insert into TRango_Grasa (Sexo,Edad,Estatura,Porcentaje)
Values('F','30 a 39',1.75,'22-26% de grasa corporal.')
Insert into TRango_Grasa (Sexo,Edad,Estatura,Porcentaje)
Values('F','40 a 49',1.70,'24-28% de grasa corporal.')
Insert into TRango_Grasa (Sexo,Edad,Estatura,Porcentaje)
Values('F','Mayores de 50',1.65,'27-31% de grasa corporal.')
Insert into TRango_Grasa (Sexo,Edad,Estatura,Porcentaje)
Values('M','20 a 29',1.85,'11-17% de grasa corporal.')
Insert into TRango_Grasa (Sexo,Edad,Estatura,Porcentaje)
Values('M','30 a 39',1.50,'18-23% de grasa corporal.')
Insert into TRango_Grasa (Sexo,Edad,Estatura,Porcentaje)
Values('M','40 a 45',1.75,'10-20% de grasa corporal.')
--Verificar Datos-- 
SELECT * FROM TRango_Grasa

/* Para rango musculo varian demasiadas cosas por cada persona, esto es musculo ideal, no musculo exacto, varian genetica, composición corporal, contextura, recordar solo musculo ideal
---Insertar datos Rango_Musculo---*/
Insert into TRango_Musculo(Sexo,Edad,Estatura,Porcent_Musuculo)
Values('M', 25,1.80,'55-70 kg de masa muscular')
Insert into TRango_Musculo(Sexo,Edad,Estatura,Porcent_Musuculo)
Values('F', 30,1.65,'32-42 kg de masa muscular')
Insert into TRango_Musculo(Sexo,Edad,Estatura,Porcent_Musuculo)
Values('M', 40,1.75,'50-65 kg de masa muscular')
Insert into TRango_Musculo(Sexo,Edad,Estatura,Porcent_Musuculo)
Values('F', 35,1.70,'35-45 kg de masa muscular')
Insert into TRango_Musculo(Sexo,Edad,Estatura,Porcent_Musuculo)
Values('M', 28,1.85,'60-75 kg de masa muscular')
Insert into TRango_Musculo(Sexo,Edad,Estatura,Porcent_Musuculo)
Values('F', 40,1.60,'30-40 kg de masa muscular')
Insert into TRango_Musculo(Sexo,Edad,Estatura,Porcent_Musuculo)
Values('M', 45,1.80,'50-65 kg de masa muscular')
Insert into TRango_Musculo(Sexo,Edad,Estatura,Porcent_Musuculo)
Values('F', 27,1.70,'32-42 kg de masa muscular')
Insert into TRango_Musculo(Sexo,Edad,Estatura,Porcent_Musuculo)
Values('M', 32,1.75,'55-70 kg de masa muscular')
Insert into TRango_Musculo(Sexo,Edad,Estatura,Porcent_Musuculo)
Values('F', 50,1.65,'28-38 kg de masa muscular')
Insert into TRango_Musculo(Sexo,Edad,Estatura,Porcent_Musuculo)
Values('M', 22,1.90,'65-80 kg de masa muscular')
Insert into TRango_Musculo(Sexo,Edad,Estatura,Porcent_Musuculo)
Values('F', 38,1.75,'35-45 kg de masa muscular')
Insert into TRango_Musculo(Sexo,Edad,Estatura,Porcent_Musuculo)
Values('M', 47,1.70,'45-60 kg de masa muscular')
Insert into TRango_Musculo(Sexo,Edad,Estatura,Porcent_Musuculo)
Values('F', 25,1.60,'27-37 kg de masa muscular')
Insert into TRango_Musculo(Sexo,Edad,Estatura,Porcent_Musuculo)
Values('M', 30,1.80,'55-70 kg de masa muscular')
Insert into TRango_Musculo(Sexo,Edad,Estatura,Porcent_Musuculo)
Values('F', 43,1.68,'33-43 kg de masa muscular')
Insert into TRango_Musculo(Sexo,Edad,Estatura,Porcent_Musuculo)
Values('M', 55,1.75,'45-60 kg de masa muscular')
Insert into TRango_Musculo(Sexo,Edad,Estatura,Porcent_Musuculo)
Values('F', 29,1.65,'32-42 kg de masa muscular')
Insert into TRango_Musculo(Sexo,Edad,Estatura,Porcent_Musuculo)
Values('M', 37,1.70,'52-67 kg de masa muscular')
Insert into TRango_Musculo(Sexo,Edad,Estatura,Porcent_Musuculo)
Values('F', 45,1.60,'28-38 kg de masa muscular')
Insert into TRango_Musculo(Sexo,Edad,Estatura,Porcent_Musuculo)
Values('M', 28,1.85,'60-75 kg de masa muscular')
Insert into TRango_Musculo(Sexo,Edad,Estatura,Porcent_Musuculo)
Values('F', 32,1.75,'35-45 kg de masa muscular')
Insert into TRango_Musculo(Sexo,Edad,Estatura,Porcent_Musuculo)
Values('M', 43,1.80,'50-65 kg de masa muscular')
Insert into TRango_Musculo(Sexo,Edad,Estatura,Porcent_Musuculo)
Values('F', 50,1.70,'28-38 kg de masa muscular')
Insert into TRango_Musculo(Sexo,Edad,Estatura,Porcent_Musuculo)
Values('M', 25,1.70,'50-65 kg de masa muscular')
Insert into TRango_Musculo(Sexo,Edad,Estatura,Porcent_Musuculo)
Values('F', 37,1.65,'32-42 kg de masa muscular')
Insert into TRango_Musculo(Sexo,Edad,Estatura,Porcent_Musuculo)
Values('M', 35,1.50,'37-41 kg de masa muscular')
Insert into TRango_Musculo(Sexo,Edad,Estatura,Porcent_Musuculo)
Values('F', 25,1.75,'22-27 kg de masa muscular')
Insert into TRango_Musculo(Sexo,Edad,Estatura,Porcent_Musuculo)
Values('F', 25,1.70,'14-18 kg de masa muscular')
Insert into TRango_Musculo(Sexo,Edad,Estatura,Porcent_Musuculo)
Values('M', 45,1.75,'52-69 kg de masa muscular')
--Verificar Datos-- 
SELECT * FROM TRango_Musculo

---Insertar datos Medicion---
Insert into TMedicion(Peso,PorcentajeGrasa ,PorcentajeMusculo,Edad_Metabolica ,PorcentajeGrasaViceral,Hora,Fecha,Edad ,Sexo ,Estatura ,Id_Cliente,ID_Instructor,Id_Padecimiento)
Values('80','20','40','30','10','3:00',GETDATE(),35,'M',1.50,155170851,1098789,26)
Insert into TMedicion(Peso,PorcentajeGrasa ,PorcentajeMusculo,Edad_Metabolica ,PorcentajeGrasaViceral,Hora,Fecha,Edad ,Sexo ,Estatura ,Id_Cliente,ID_Instructor,Id_Padecimiento)
Values('60','25','35','28','5','2:00',GETDATE(),25,'F',1.70,167170851,11234509,24)
Insert into TMedicion(Peso,PorcentajeGrasa ,PorcentajeMusculo,Edad_Metabolica ,PorcentajeGrasaViceral,Hora,Fecha,Edad ,Sexo ,Estatura ,Id_Cliente,ID_Instructor,Id_Padecimiento)
Values('90','30','35','50','15','1:00',GETDATE(),45,'M',1.75,173445325,1098789,22)
Insert into TMedicion(Peso,PorcentajeGrasa ,PorcentajeMusculo,Edad_Metabolica ,PorcentajeGrasaViceral,Hora,Fecha,Edad ,Sexo ,Estatura ,Id_Cliente,ID_Instructor,Id_Padecimiento)
Values('55','18','45','25','5','12:00',GETDATE(),30,'M',1.70,173745325,11234509,19)
Insert into TMedicion(Peso,PorcentajeGrasa ,PorcentajeMusculo,Edad_Metabolica ,PorcentajeGrasaViceral,Hora,Fecha,Edad ,Sexo ,Estatura ,Id_Cliente,ID_Instructor,Id_Padecimiento)
Values('85','25','30','55','20','10:00',GETDATE(),50,'F',1.60,177366752,1098789,26)
--Verificar Datos-- 
SELECT * FROM TMedicion

---Insertar datos Reporte---
Insert into TReporte(Proteina,Vaso_Agua,Id_Rango_GrasaVicera,Id_Rango_Imc,Id_Rango_Peso,Id_Rango_Grasa,Id_Rango_Musculo,Id_Medicion)
Values('1.6 - 2.2 Gramos de Proteina al dia','Al menos 8 vasos de agua al día','3','7','24','22','27',1)
Insert into TReporte(Proteina,Vaso_Agua,Id_Rango_GrasaVicera,Id_Rango_Imc,Id_Rango_Peso,Id_Rango_Grasa,Id_Rango_Musculo,Id_Medicion)
Values('1.2 - 1.7 Gramos de Proteina al dia','Al menos 8 vasos de agua al día','2','4','7','1','29',2)
Insert into TReporte(Proteina,Vaso_Agua,Id_Rango_GrasaVicera,Id_Rango_Imc,Id_Rango_Peso,Id_Rango_Grasa,Id_Rango_Musculo,Id_Medicion)
Values('1.6 - 2.2 Gramos de Proteina al dia','15 vasos de agua al día','5','5','25','23','30',3)
Insert into TReporte(Proteina,Vaso_Agua,Id_Rango_GrasaVicera,Id_Rango_Imc,Id_Rango_Peso,Id_Rango_Grasa,Id_Rango_Musculo,Id_Medicion)
Values('1.2 - 1.7 Gramos de Proteina al dia','8 vasos de agua al día','1','4','13','7','13',4)
Insert into TReporte(Proteina,Vaso_Agua,Id_Rango_GrasaVicera,Id_Rango_Imc,Id_Rango_Peso,Id_Rango_Grasa,Id_Rango_Musculo,Id_Medicion)
Values('0.1 - 1.2 Gramos de Proteina al dia',' 2-3 litros de agua al día','4','6','15','3','20',5)
--Verificar Datos-- 
SELECT * FROM TReporte

---Insertar datos Rutina---
Insert into  TRutina(Id_Ejercico,Fecha_Inicio,Fecha_Fin,Id_Medicion )
Values('1',GETDATE(),'2024/01/01',1)
Insert into  TRutina(Id_Ejercico,Fecha_Inicio,Fecha_Fin,Id_Medicion )
Values('2',GETDATE(),'2024/05/01',2)
Insert into  TRutina(Id_Ejercico,Fecha_Inicio,Fecha_Fin,Id_Medicion )
Values('3',GETDATE(),'2024/06/01',3)
Insert into  TRutina(Id_Ejercico,Fecha_Inicio,Fecha_Fin,Id_Medicion )
Values('4',GETDATE(),'2024/07/01',4)
Insert into  TRutina(Id_Ejercico,Fecha_Inicio,Fecha_Fin,Id_Medicion )
Values('5',GETDATE(),'2024/08/01',5)
--Verificar Datos-- 
SELECT * FROM TRutina